pokedex_number,name,generation,type_1,type_2,ability_1,ability_2,ability_hidden,total_points,hp,attack,defense,sp_attack,sp_defense,speed,catch_rate,against_normal,against_fire,against_water,against_electric,against_grass,against_ice,against_fight,against_poison,against_ground,against_flying,against_psychic,against_bug,against_rock,against_ghost,against_dragon,against_dark,against_steel,against_fairy
1,Bulbasaur,1,Grass,Poison,Overgrow,,Chlorophyll,318,45,49,49,65,65,45,45,1,2,0.5,0.5,0.25,2,0.5,1,1,2,2,1,1,1,1,1,1,0.5
2,Ivysaur,1,Grass,Poison,Overgrow,,Chlorophyll,405,60,62,63,80,80,60,45,1,2,0.5,0.5,0.25,2,0.5,1,1,2,2,1,1,1,1,1,1,0.5
3,Venusaur,1,Grass,Poison,Overgrow,,Chlorophyll,525,80,82,83,100,100,80,45,1,2,0.5,0.5,0.25,2,0.5,1,1,2,2,1,1,1,1,1,1,0.5
4,Charmander,1,Fire,,Blaze,,Solar Power,309,39,52,43,60,50,65,45,1,0.5,2,1,0.5,0.5,1,1,2,1,1,0.5,2,1,1,1,0.5,0.5
5,Charmeleon,1,Fire,,Blaze,,Solar Power,405,58,64,58,80,65,80,45,1,0.5,2,1,0.5,0.5,1,1,2,1,1,0.5,2,1,1,1,0.5,0.5
6,Charizard,1,Fire,Flying,Blaze,,Solar Power,534,78,84,78,109,85,100,45,1,0.5,2,2,0.25,1,0.5,1,0,1,1,0.25,4,1,1,1,0.5,0.5
7,Squirtle,1,Water,,Torrent,,Rain Dish,314,44,48,65,50,64,43,45,1,0.5,0.5,2,2,0.5,1,1,1,1,1,1,1,1,1,1,0.5,1
8,Wartortle,1,Water,,Torrent,,Rain Dish,405,59,63,80,65,80,58,45,1,0.5,0.5,2,2,0.5,1,1,1,1,1,1,1,1,1,1,0.5,1
9,Blastoise,1,Water,,Torrent,,Rain Dish,530,79,83,100,85,105,78,45,1,0.5,0.5,2,2,0.5,1,1,1,1,1,1,1,1,1,1,0.5,1
10,Caterpie,1,Bug,,Shield Dust,,Run Away,195,45,30,35,20,20,45,255,1,2,1,1,0.5,1,0.5,1,0.5,2,1,1,2,1,1,1,1,1
11,Metapod,1,Bug,,Shed Skin,,,205,50,20,55,25,25,30,120,1,2,1,1,0.5,1,0.5,1,0.5,2,1,1,2,1,1,1,1,1
12,Butterfree,1,Bug,Flying,Compound Eyes,,Tinted Lens,395,60,45,50,90,80,70,45,1,2,1,2,0.25,2,0.25,1,0,2,1,0.5,4,1,1,1,1,1
13,Weedle,1,Bug,Poison,Shield Dust,,Run Away,195,40,35,30,20,20,50,255,1,2,1,1,0.25,1,0.25,0.5,1,2,2,0.5,2,1,1,1,1,0.5
14,Kakuna,1,Bug,Poison,Shed Skin,,,205,45,25,50,25,25,35,120,1,2,1,1,0.25,1,0.25,0.5,1,2,2,0.5,2,1,1,1,1,0.5
15,Beedrill,1,Bug,Poison,Swarm,,Sniper,395,65,90,40,45,80,75,45,1,2,1,1,0.25,1,0.25,0.5,1,2,2,0.5,2,1,1,1,1,0.5
16,Pidgey,1,Normal,Flying,Keen Eye,Tangled Feet,Big Pecks,251,40,45,40,35,35,56,255,1,1,1,2,0.5,2,1,1,0,1,1,0.5,2,0,1,1,1,1
17,Pidgeotto,1,Normal,Flying,Keen Eye,Tangled Feet,Big Pecks,349,63,60,55,50,50,71,120,1,1,1,2,0.5,2,1,1,0,1,1,0.5,2,0,1,1,1,1
18,Pidgeot,1,Normal,Flying,Keen Eye,Tangled Feet,Big Pecks,479,83,80,75,70,70,101,45,1,1,1,2,0.5,2,1,1,0,1,1,0.5,2,0,1,1,1,1
19,Rattata,1,Normal,,Run Away,Guts,Hustle,253,30,56,35,25,35,72,255,1,1,1,1,1,1,2,1,1,1,1,1,1,0,1,1,1,1
20,Raticate,1,Normal,,Run Away,Guts,Hustle,413,55,81,60,50,70,97,127,1,1,1,1,1,1,2,1,1,1,1,1,1,0,1,1,1,1
21,Spearow,1,Normal,Flying,Keen Eye,,Sniper,262,40,60,30,31,31,70,255,1,1,1,2,0.5,2,1,1,0,1,1,0.5,2,0,1,1,1,1
22,Fearow,1,Normal,Flying,Keen Eye,,Sniper,442,65,90,65,61,61,100,90,1,1,1,2,0.5,2,1,1,0,1,1,0.5,2,0,1,1,1,1
23,Ekans,1,Poison,,Intimidate,Shed Skin,Unnerve,288,35,60,44,40,54,55,255,1,1,1,1,0.5,1,0.5,0.5,2,1,2,0.5,1,1,1,1,1,0.5
24,Arbok,1,Poison,,Intimidate,Shed Skin,Unnerve,448,60,95,69,65,79,80,90,1,1,1,1,0.5,1,0.5,0.5,2,1,2,0.5,1,1,1,1,1,0.5
25,Pikachu,1,Electric,,Static,,Lightning Rod,320,35,55,40,50,50,90,190,1,1,1,0.5,1,1,1,1,2,0.5,1,1,1,1,1,1,0.5,1
26,Raichu,1,Electric,,Static,,Lightning Rod,485,60,90,55,90,80,110,75,1,1,1,0.5,1,1,1,1,2,0.5,1,1,1,1,1,1,0.5,1
27,Sandshrew,1,Ground,,Sand Veil,,Sand Rush,300,50,75,85,20,30,40,255,1,1,2,0,2,2,1,0.5,1,1,1,1,0.5,1,1,1,1,1
28,Sandslash,1,Ground,,Sand Veil,,Sand Rush,450,75,100,110,45,55,65,90,1,1,2,0,2,2,1,0.5,1,1,1,1,0.5,1,1,1,1,1
29,Nidoran♀,1,Poison,,Poison Point,Rivalry,Hustle,275,55,47,52,40,40,41,235,1,1,1,1,0.5,1,0.5,0.5,2,1,2,0.5,1,1,1,1,1,0.5
30,Nidorina,1,Poison,,Poison Point,Rivalry,Hustle,365,70,62,67,55,55,56,120,1,1,1,1,0.5,1,0.5,0.5,2,1,2,0.5,1,1,1,1,1,0.5
31,Nidoqueen,1,Poison,Ground,Poison Point,Rivalry,Sheer Force,505,90,92,87,75,85,76,45,1,1,2,0,1,2,0.5,0.25,2,1,2,0.5,0.5,1,1,1,1,0.5
32,Nidoran♂,1,Poison,,Poison Point,Rivalry,Hustle,273,46,57,40,40,40,50,235,1,1,1,1,0.5,1,0.5,0.5,2,1,2,0.5,1,1,1,1,1,0.5
33,Nidorino,1,Poison,,Poison Point,Rivalry,Hustle,365,61,72,57,55,55,65,120,1,1,1,1,0.5,1,0.5,0.5,2,1,2,0.5,1,1,1,1,1,0.5
34,Nidoking,1,Poison,Ground,Poison Point,Rivalry,Sheer Force,505,81,102,77,85,75,85,45,1,1,2,0,1,2,0.5,0.25,2,1,2,0.5,0.5,1,1,1,1,0.5
35,Clefairy,1,Normal,,Cute Charm,Magic Guard,Friend Guard,323,70,45,48,60,65,35,150,1,1,1,1,1,1,2,1,1,1,1,1,1,0,1,1,1,1
36,Clefable,1,Normal,,Cute Charm,Magic Guard,Unaware,483,95,70,73,95,90,60,25,1,1,1,1,1,1,2,1,1,1,1,1,1,0,1,1,1,1
37,Vulpix,1,Fire,,Flash Fire,,Drought,299,38,41,40,50,65,65,190,1,0,2,1,0.5,0.5,1,1,2,1,1,0.5,2,1,1,1,0.5,0.5
38,Ninetales,1,Fire,,Flash Fire,,Drought,505,73,76,75,81,100,100,75,1,0,2,1,0.5,0.5,1,1,2,1,1,0.5,2,1,1,1,0.5,0.5
39,Jigglypuff,1,Normal,,Cute Charm,Competitive,Friend Guard,270,115,45,20,45,25,20,170,1,1,1,1,1,1,2,1,1,1,1,1,1,0,1,1,1,1
40,Wigglytuff,1,Normal,,Cute Charm,Competitive,Frisk,435,140,70,45,85,50,45,50,1,1,1,1,1,1,2,1,1,1,1,1,1,0,1,1,1,1
41,Zubat,1,Poison,Flying,Inner Focus,,Infiltrator,245,40,45,35,30,40,55,255,1,1,1,2,0.25,2,0.25,0.5,0,1,2,0.25,2,1,1,1,1,0.5
42,Golbat,1,Poison,Flying,Inner Focus,,Infiltrator,455,75,80,70,65,75,90,90,1,1,1,2,0.25,2,0.25,0.5,0,1,2,0.25,2,1,1,1,1,0.5
43,Oddish,1,Grass,Poison,Chlorophyll,,Run Away,320,45,50,55,75,65,30,255,1,2,0.5,0.5,0.25,2,0.5,1,1,2,2,1,1,1,1,1,1,0.5
44,Gloom,1,Grass,Poison,Chlorophyll,,Stench,395,60,65,70,85,75,40,120,1,2,0.5,0.5,0.25,2,0.5,1,1,2,2,1,1,1,1,1,1,0.5
45,Vileplume,1,Grass,Poison,Chlorophyll,,Effect Spore,490,75,80,85,110,90,50,45,1,2,0.5,0.5,0.25,2,0.5,1,1,2,2,1,1,1,1,1,1,0.5
46,Paras,1,Bug,Grass,Effect Spore,Dry Skin,Damp,285,35,70,55,45,55,25,190,1,4,0.5,0.5,0.25,2,0.5,2,0.25,4,1,2,2,1,1,1,1,1
47,Parasect,1,Bug,Grass,Effect Spore,Dry Skin,Damp,405,60,95,80,60,80,30,75,1,4,0.5,0.5,0.25,2,0.5,2,0.25,4,1,2,2,1,1,1,1,1
48,Venonat,1,Bug,Poison,Compound Eyes,Tinted Lens,Run Away,305,60,55,50,40,55,45,190,1,2,1,1,0.25,1,0.25,0.5,1,2,2,0.5,2,1,1,1,1,0.5
49,Venomoth,1,Bug,Poison,Shield Dust,Tinted Lens,Wonder Skin,450,70,65,60,90,75,90,75,1,2,1,1,0.25,1,0.25,0.5,1,2,2,0.5,2,1,1,1,1,0.5
50,Diglett,1,Ground,,Sand Veil,Arena Trap,Sand Force,265,10,55,25,35,45,95,255,1,1,2,0,2,2,1,0.5,1,1,1,1,0.5,1,1,1,1,1
51,Dugtrio,1,Ground,,Sand Veil,Arena Trap,Sand Force,425,35,100,50,50,70,120,50,1,1,2,0,2,2,1,0.5,1,1,1,1,0.5,1,1,1,1,1
52,Meowth,1,Normal,,Pickup,Technician,Unnerve,290,40,45,35,40,40,90,255,1,1,1,1,1,1,2,1,1,1,1,1,1,0,1,1,1,1
53,Persian,1,Normal,,Limber,Technician,Unnerve,440,65,70,60,65,65,115,90,1,1,1,1,1,1,2,1,1,1,1,1,1,0,1,1,1,1
54,Psyduck,1,Water,,Damp,Cloud Nine,Swift Swim,320,50,52,48,65,50,55,190,1,0.5,0.5,2,2,0.5,1,1,1,1,1,1,1,1,1,1,0.5,1
55,Golduck,1,Water,,Damp,Cloud Nine,Swift Swim,500,80,82,78,95,80,85,75,1,0.5,0.5,2,2,0.5,1,1,1,1,1,1,1,1,1,1,0.5,1
56,Mankey,1,Fighting,,Vital Spirit,Anger Point,Defiant,305,40,80,35,35,45,70,190,1,1,1,1,1,1,1,1,1,2,2,0.5,0.5,1,1,0.5,1,2
57,Primeape,1,Fighting,,Vital Spirit,Anger Point,Defiant,455,65,105,60,60,70,95,75,1,1,1,1,1,1,1,1,1,2,2,0.5,0.5,1,1,0.5,1,2
58,Growlithe,1,Fire,,Intimidate,Flash Fire,Justified,350,55,70,45,70,50,60,190,1,0.5,2,1,0.5,0.5,1,1,2,1,1,0.5,2,1,1,1,0.5,0.5
59,Arcanine,1,Fire,,Intimidate,Flash Fire,Justified,555,90,110,80,100,80,95,75,1,0.5,2,1,0.5,0.5,1,1,2,1,1,0.5,2,1,1,1,0.5,0.5
60,Poliwag,1,Water,,Water Absorb,Damp,Swift Swim,300,40,50,40,40,40,90,255,1,0.5,0,2,2,0.5,1,1,1,1,1,1,1,1,1,1,0.5,1
61,Poliwhirl,1,Water,,Water Absorb,Damp,Swift Swim,385,65,65,65,50,50,90,120,1,0.5,0,2,2,0.5,1,1,1,1,1,1,1,1,1,1,0.5,1
62,Poliwrath,1,Water,Fighting,Water Absorb,Damp,Swift Swim,510,90,95,95,70,90,70,45,1,0.5,0,2,2,0.5,1,1,1,2,2,0.5,0.5,1,1,0.5,0.5,2
63,Abra,1,Psychic,,Synchronize,Inner Focus,Magic Guard,310,25,20,15,105,55,90,200,1,1,1,1,1,1,0.5,1,1,1,0.5,2,1,2,1,2,1,1
64,Kadabra,1,Psychic,,Synchronize,Inner Focus,Magic Guard,400,40,35,30,120,70,105,100,1,1,1,1,1,1,0.5,1,1,1,0.5,2,1,2,1,2,1,1
65,Alakazam,1,Psychic,,Synchronize,Inner Focus,Magic Guard,500,55,50,45,135,95,120,50,1,1,1,1,1,1,0.5,1,1,1,0.5,2,1,2,1,2,1,1
66,Machop,1,Fighting,,Guts,No Guard,Steadfast,305,70,80,50,35,35,35,180,1,1,1,1,1,1,1,1,1,2,2,0.5,0.5,1,1,0.5,1,2
67,Machoke,1,Fighting,,Guts,No Guard,Steadfast,405,80,100,70,50,60,45,90,1,1,1,1,1,1,1,1,1,2,2,0.5,0.5,1,1,0.5,1,2
68,Machamp,1,Fighting,,Guts,No Guard,Steadfast,505,90,130,80,65,85,55,45,1,1,1,1,1,1,1,1,1,2,2,0.5,0.5,1,1,0.5,1,2
69,Bellsprout,1,Grass,Poison,Chlorophyll,,Gluttony,300,50,75,35,70,30,40,255,1,2,0.5,0.5,0.25,2,0.5,1,1,2,2,1,1,1,1,1,1,0.5
70,Weepinbell,1,Grass,Poison,Chlorophyll,,Gluttony,390,65,90,50,85,45,55,120,1,2,0.5,0.5,0.25,2,0.5,1,1,2,2,1,1,1,1,1,1,0.5
71,Victreebel,1,Grass,Poison,Chlorophyll,,Gluttony,490,80,105,65,100,70,70,45,1,2,0.5,0.5,0.25,2,0.5,1,1,2,2,1,1,1,1,1,1,0.5
72,Tentacool,1,Water,Poison,Clear Body,Liquid Ooze,Rain Dish,335,40,40,35,50,100,70,190,1,0.5,0.5,2,1,0.5,0.5,0.5,2,1,2,0.5,1,1,1,1,0.5,0.5
73,Tentacruel,1,Water,Poison,Clear Body,Liquid Ooze,Rain Dish,515,80,70,65,80,120,100,60,1,0.5,0.5,2,1,0.5,0.5,0.5,2,1,2,0.5,1,1,1,1,0.5,0.5
74,Geodude,1,Rock,Ground,Rock Head,Sturdy,Sand Veil,300,40,80,100,30,30,20,255,0.5,0.5,4,0,4,2,2,0.25,2,0.5,1,1,0.5,1,1,1,2,1
75,Graveler,1,Rock,Ground,Rock Head,Sturdy,Sand Veil,390,55,95,115,45,45,35,120,0.5,0.5,4,0,4,2,2,0.25,2,0.5,1,1,0.5,1,1,1,2,1
76,Golem,1,Rock,Ground,Rock Head,Sturdy,Sand Veil,495,80,120,130,55,65,45,45,0.5,0.5,4,0,4,2,2,0.25,2,0.5,1,1,0.5,1,1,1,2,1
77,Ponyta,1,Fire,,Run Away,Flash Fire,Flame Body,410,50,85,55,65,65,90,190,1,0.5,2,1,0.5,0.5,1,1,2,1,1,0.5,2,1,1,1,0.5,0.5
78,Rapidash,1,Fire,,Run Away,Flash Fire,Flame Body,500,65,100,70,80,80,105,60,1,0.5,2,1,0.5,0.5,1,1,2,1,1,0.5,2,1,1,1,0.5,0.5
79,Slowpoke,1,Water,Psychic,Oblivious,Own Tempo,Regenerator,315,90,65,65,40,40,15,190,1,0.5,0.5,2,2,0.5,0.5,1,1,1,0.5,2,1,2,1,2,0.5,1
80,Slowbro,1,Water,Psychic,Oblivious,Own Tempo,Regenerator,490,95,75,110,100,80,30,75,1,0.5,0.5,2,2,0.5,0.5,1,1,1,0.5,2,1,2,1,2,0.5,1
81,Magnemite,1,Electric,Steel,Magnet Pull,Sturdy,Analytic,325,25,35,70,95,55,45,190,0.5,2,1,0.5,0.5,0.5,2,0,4,0.25,0.5,0.5,0.5,1,0.5,1,0.25,0.5
82,Magneton,1,Electric,Steel,Magnet Pull,Sturdy,Analytic,465,50,60,95,120,70,70,60,0.5,2,1,0.5,0.5,0.5,2,0,4,0.25,0.5,0.5,0.5,1,0.5,1,0.25,0.5
83,Farfetch'd,1,Normal,Flying,Keen Eye,Inner Focus,Defiant,377,52,90,55,58,62,60,45,1,1,1,2,0.5,2,1,1,0,1,1,0.5,2,0,1,1,1,1
84,Doduo,1,Normal,Flying,Run Away,Early Bird,Tangled Feet,310,35,85,45,35,35,75,190,1,1,1,2,0.5,2,1,1,0,1,1,0.5,2,0,1,1,1,1
85,Dodrio,1,Normal,Flying,Run Away,Early Bird,Tangled Feet,470,60,110,70,60,60,110,45,1,1,1,2,0.5,2,1,1,0,1,1,0.5,2,0,1,1,1,1
86,Seel,1,Water,,Thick Fat,Hydration,Ice Body,325,65,45,55,45,70,45,190,1,0.25,0.5,2,2,0.25,1,1,1,1,1,1,1,1,1,1,0.5,1
87,Dewgong,1,Water,Ice,Thick Fat,Hydration,Ice Body,475,90,70,80,70,95,70,75,1,0.5,0.5,2,2,0.25,2,1,1,1,1,1,2,1,1,1,1,1
88,Grimer,1,Poison,,Stench,Sticky Hold,Poison Touch,325,80,80,50,40,50,25,190,1,1,1,1,0.5,1,0.5,0.5,2,1,2,0.5,1,1,1,1,1,0.5
89,Muk,1,Poison,,Stench,Sticky Hold,Poison Touch,500,105,105,75,65,100,50,75,1,1,1,1,0.5,1,0.5,0.5,2,1,2,0.5,1,1,1,1,1,0.5
90,Shellder,1,Water,,Shell Armor,Skill Link,Overcoat,305,30,65,100,45,25,40,190,1,0.5,0.5,2,2,0.5,1,1,1,1,1,1,1,1,1,1,0.5,1
91,Cloyster,1,Water,Ice,Shell Armor,Skill Link,Overcoat,525,50,95,180,85,45,70,60,1,1,0.5,2,2,0.25,2,1,1,1,1,1,2,1,1,1,1,1
92,Gastly,1,Ghost,Poison,Levitate,,,310,30,35,30,100,35,80,190,0,1,1,1,0.5,1,0,0.25,0,1,2,0.25,1,2,1,2,1,0.5
93,Haunter,1,Ghost,Poison,Levitate,,,405,45,50,45,115,55,95,90,0,1,1,1,0.5,1,0,0.25,0,1,2,0.25,1,2,1,2,1,0.5
94,Gengar,1,Ghost,Poison,Cursed Body,,,500,60,65,60,130,75,110,45,0,1,1,1,0.5,1,0,0.25,2,1,2,0.25,1,2,1,2,1,0.5
95,Onix,1,Rock,Ground,Rock Head,Sturdy,Weak Armor,385,35,45,160,30,45,70,45,0.5,0.5,4,0,4,2,2,0.25,2,0.5,1,1,0.5,1,1,1,2,1
96,Drowzee,1,Psychic,,Insomnia,Forewarn,Inner Focus,328,60,48,45,43,90,42,190,1,1,1,1,1,1,0.5,1,1,1,0.5,2,1,2,1,2,1,1
97,Hypno,1,Psychic,,Insomnia,Forewarn,Inner Focus,483,85,73,70,73,115,67,75,1,1,1,1,1,1,0.5,1,1,1,0.5,2,1,2,1,2,1,1
98,Krabby,1,Water,,Hyper Cutter,Shell Armor,Sheer Force,325,30,105,90,25,25,50,225,1,0.5,0.5,2,2,0.5,1,1,1,1,1,1,1,1,1,1,0.5,1
99,Kingler,1,Water,,Hyper Cutter,Shell Armor,Sheer Force,475,55,130,115,50,50,75,60,1,0.5,0.5,2,2,0.5,1,1,1,1,1,1,1,1,1,1,0.5,1
100,Voltorb,1,Electric,,Soundproof,Static,Aftermath,330,40,30,50,55,55,100,190,1,1,1,0.5,1,1,1,1,2,0.5,1,1,1,1,1,1,0.5,1
101,Electrode,1,Electric,,Soundproof,Static,Aftermath,490,60,50,70,80,80,150,60,1,1,1,0.5,1,1,1,1,2,0.5,1,1,1,1,1,1,0.5,1
102,Exeggcute,1,Grass,Psychic,Chlorophyll,,Harvest,325,60,40,80,60,45,40,90,1,2,0.5,0.5,0.5,2,0.5,2,0.5,2,0.5,4,1,2,1,2,1,1
103,Exeggutor,1,Grass,Psychic,Chlorophyll,,Harvest,530,95,95,85,125,75,55,45,1,2,0.5,0.5,0.5,2,0.5,2,0.5,2,0.5,4,1,2,1,2,1,1
104,Cubone,1,Ground,,Rock Head,Lightning Rod,Battle Armor,320,50,50,95,40,50,35,190,1,1,2,0,2,2,1,0.5,1,1,1,1,0.5,1,1,1,1,1
105,Marowak,1,Ground,,Rock Head,Lightning Rod,Battle Armor,425,60,80,110,50,80,45,75,1,1,2,0,2,2,1,0.5,1,1,1,1,0.5,1,1,1,1,1
106,Hitmonlee,1,Fighting,,Limber,Reckless,Unburden,455,50,120,53,35,110,87,45,1,1,1,1,1,1,1,1,1,2,2,0.5,0.5,1,1,0.5,1,2
107,Hitmonchan,1,Fighting,,Keen Eye,Iron Fist,Inner Focus,455,50,105,79,35,110,76,45,1,1,1,1,1,1,1,1,1,2,2,0.5,0.5,1,1,0.5,1,2
108,Lickitung,1,Normal,,Own Tempo,Oblivious,Cloud Nine,385,90,55,75,60,75,30,45,1,1,1,1,1,1,2,1,1,1,1,1,1,0,1,1,1,1
109,Koffing,1,Poison,,Levitate,Neutralizing Gas,Stench,340,40,65,95,60,45,35,190,1,1,1,1,0.5,1,0.5,0.5,0,1,2,0.5,1,1,1,1,1,0.5
110,Weezing,1,Poison,,Levitate,Neutralizing Gas,Stench,490,65,90,120,85,70,60,60,1,1,1,1,0.5,1,0.5,0.5,0,1,2,0.5,1,1,1,1,1,0.5
111,Rhyhorn,1,Ground,Rock,Lightning Rod,Rock Head,Reckless,345,80,85,95,30,30,25,120,0.5,0.5,4,0,4,2,2,0.25,2,0.5,1,1,0.5,1,1,1,2,1
112,Rhydon,1,Ground,Rock,Lightning Rod,Rock Head,Reckless,485,105,130,120,45,45,40,60,0.5,0.5,4,0,4,2,2,0.25,2,0.5,1,1,0.5,1,1,1,2,1
113,Chansey,1,Normal,,Natural Cure,Serene Grace,Healer,450,250,5,5,35,105,50,30,1,1,1,1,1,1,2,1,1,1,1,1,1,0,1,1,1,1
114,Tangela,1,Grass,,Chlorophyll,Leaf Guard,Regenerator,435,65,55,115,100,40,60,45,1,2,0.5,0.5,0.5,2,1,2,0.5,2,1,2,1,1,1,1,1,1
115,Kangaskhan,1,Normal,,Early Bird,Scrappy,Inner Focus,490,105,95,80,40,80,90,45,1,1,1,1,1,1,2,1,1,1,1,1,1,0,1,1,1,1
116,Horsea,1,Water,,Swift Swim,Sniper,Damp,295,30,40,70,70,25,60,225,1,0.5,0.5,2,2,0.5,1,1,1,1,1,1,1,1,1,1,0.5,1
117,Seadra,1,Water,,Poison Point,Sniper,Damp,440,55,65,95,95,45,85,75,1,0.5,0.5,2,2,0.5,1,1,1,1,1,1,1,1,1,1,0.5,1
118,Goldeen,1,Water,,Swift Swim,Water Veil,Lightning Rod,320,45,67,60,35,50,63,225,1,0.5,0.5,2,2,0.5,1,1,1,1,1,1,1,1,1,1,0.5,1
119,Seaking,1,Water,,Swift Swim,Water Veil,Lightning Rod,450,80,92,65,65,80,68,60,1,0.5,0.5,2,2,0.5,1,1,1,1,1,1,1,1,1,1,0.5,1
120,Staryu,1,Water,,Illuminate,Natural Cure,Analytic,340,30,45,55,70,55,85,225,1,0.5,0.5,2,2,0.5,1,1,1,1,1,1,1,1,1,1,0.5,1
121,Starmie,1,Water,Psychic,Illuminate,Natural Cure,Analytic,520,60,75,85,100,85,115,60,1,0.5,0.5,2,2,0.5,0.5,1,1,1,0.5,2,1,2,1,2,0.5,1
122,Mr. Mime,1,Psychic,,Soundproof,Filter,Technician,460,40,45,65,100,120,90,45,1,1,1,1,1,1,0.5,1,1,1,0.5,2,1,2,1,2,1,1
123,Scyther,1,Bug,Flying,Swarm,Technician,Steadfast,500,70,110,80,55,80,105,45,1,2,1,2,0.25,2,0.25,1,0,2,1,0.5,4,1,1,1,1,1
124,Jynx,1,Ice,Psychic,Oblivious,Forewarn,Dry Skin,455,65,50,35,115,95,95,45,1,2,1,1,1,0.5,1,1,1,1,0.5,2,2,2,1,2,2,1
125,Electabuzz,1,Electric,,Static,,Vital Spirit,490,65,83,57,95,85,105,45,1,1,1,0.5,1,1,1,1,2,0.5,1,1,1,1,1,1,0.5,1
126,Magmar,1,Fire,,Flame Body,,Vital Spirit,495,65,95,57,100,85,93,45,1,0.5,2,1,0.5,0.5,1,1,2,1,1,0.5,2,1,1,1,0.5,0.5
127,Pinsir,1,Bug,,Hyper Cutter,Mold Breaker,Moxie,500,65,125,100,55,70,85,45,1,2,1,1,0.5,1,0.5,1,0.5,2,1,1,2,1,1,1,1,1
128,Tauros,1,Normal,,Intimidate,Anger Point,Sheer Force,490,75,100,95,40,70,110,45,1,1,1,1,1,1,2,1,1,1,1,1,1,0,1,1,1,1
129,Magikarp,1,Water,,Swift Swim,,Rattled,200,20,10,55,15,20,80,255,1,0.5,0.5,2,2,0.5,1,1,1,1,1,1,1,1,1,1,0.5,1
130,Gyarados,1,Water,Flying,Intimidate,,Moxie,540,95,125,79,60,100,81,45,1,0.5,0.5,4,1,1,0.5,1,0,1,1,0.5,2,1,1,1,0.5,1
131,Lapras,1,Water,Ice,Water Absorb,Shell Armor,Hydration,535,130,85,80,85,95,60,45,1,1,0,2,2,0.25,2,1,1,1,1,1,2,1,1,1,1,1
132,Ditto,1,Normal,,Limber,,Imposter,288,48,48,48,48,48,48,35,1,1,1,1,1,1,2,1,1,1,1,1,1,0,1,1,1,1
133,Eevee,1,Normal,,Run Away,Adaptability,Anticipation,325,55,55,50,45,65,55,45,1,1,1,1,1,1,2,1,1,1,1,1,1,0,1,1,1,1
134,Vaporeon,1,Water,,Water Absorb,,Hydration,525,130,65,60,110,95,65,45,1,0.5,0,2,2,0.5,1,1,1,1,1,1,1,1,1,1,0.5,1
135,Jolteon,1,Electric,,Volt Absorb,,Quick Feet,525,65,65,60,110,95,130,45,1,1,1,0,1,1,1,1,2,0.5,1,1,1,1,1,1,0.5,1
136,Flareon,1,Fire,,Flash Fire,,Guts,525,65,130,60,95,110,65,45,1,0,2,1,0.5,0.5,1,1,2,1,1,0.5,2,1,1,1,0.5,0.5
137,Porygon,1,Normal,,Trace,Download,Analytic,395,65,60,70,85,75,40,45,1,1,1,1,1,1,2,1,1,1,1,1,1,0,1,1,1,1
138,Omanyte,1,Rock,Water,Swift Swim,Shell Armor,Weak Armor,355,35,40,100,90,55,35,45,0.5,0.25,1,2,4,0.5,2,0.5,2,0.5,1,1,1,1,1,1,1,1
139,Omastar,1,Rock,Water,Swift Swim,Shell Armor,Weak Armor,495,70,60,125,115,70,55,45,0.5,0.25,1,2,4,0.5,2,0.5,2,0.5,1,1,1,1,1,1,1,1
140,Kabuto,1,Rock,Water,Swift Swim,Battle Armor,Weak Armor,355,30,80,90,55,45,55,45,0.5,0.25,1,2,4,0.5,2,0.5,2,0.5,1,1,1,1,1,1,1,1
141,Kabutops,1,Rock,Water,Swift Swim,Battle Armor,Weak Armor,495,60,115,105,65,70,80,45,0.5,0.25,1,2,4,0.5,2,0.5,2,0.5,1,1,1,1,1,1,1,1
142,Aerodactyl,1,Rock,Flying,Rock Head,Pressure,Unnerve,515,80,105,65,60,75,130,45,0.5,0.5,2,2,1,2,1,0.5,0,0.5,1,0.5,2,1,1,1,2,1
143,Snorlax,1,Normal,,Immunity,Thick Fat,Gluttony,540,160,110,65,65,110,30,25,1,1,1,1,1,1,2,1,1,1,1,1,1,0,1,1,1,1
144,Articuno,1,Ice,Flying,Pressure,,Snow Cloak,580,90,85,100,95,125,85,3,1,2,1,2,0.5,1,1,1,0,1,1,0.5,4,1,1,1,2,1
145,Zapdos,1,Electric,Flying,Pressure,,Static,580,90,90,85,125,90,100,3,1,1,1,1,0.5,2,0.5,1,0,0.5,1,0.5,2,1,1,1,0.5,1
146,Moltres,1,Fire,Flying,Pressure,,Flame Body,580,90,100,90,125,85,90,3,1,0.5,2,2,0.25,1,0.5,1,0,1,1,0.25,4,1,1,1,0.5,0.5
147,Dratini,1,Dragon,,Shed Skin,,Marvel Scale,300,41,64,45,50,50,50,45,1,0.5,0.5,0.5,0.5,2,1,1,1,1,1,1,1,1,2,1,1,2
148,Dragonair,1,Dragon,,Shed Skin,,Marvel Scale,420,61,84,65,70,70,70,45,1,0.5,0.5,0.5,0.5,2,1,1,1,1,1,1,1,1,2,1,1,2
149,Dragonite,1,Dragon,Flying,Inner Focus,,Multiscale,600,91,134,95,100,100,80,45,1,0.5,0.5,1,0.25,4,0.5,1,0,1,1,0.5,2,1,2,1,1,2
150,Mewtwo,1,Psychic,,Pressure,,Unnerve,680,106,110,90,154,90,130,3,1,1,1,1,1,1,0.5,1,1,1,0.5,2,1,2,1,2,1,1
151,Mew,1,Psychic,,Synchronize,,,600,100,100,100,100,100,100,45,1,1,1,1,1,1,0.5,1,1,1,0.5,2,1,2,1,2,1,1
152,Chikorita,2,Grass,,Overgrow,,Leaf Guard,318,45,49,65,49,65,45,45,1,2,0.5,0.5,0.5,2,1,2,0.5,2,1,2,1,1,1,1,1,1
153,Bayleef,2,Grass,,Overgrow,,Leaf Guard,405,60,62,80,63,80,60,45,1,2,0.5,0.5,0.5,2,1,2,0.5,2,1,2,1,1,1,1,1,1
154,Meganium,2,Grass,,Overgrow,,Leaf Guard,525,80,82,100,83,100,80,45,1,2,0.5,0.5,0.5,2,1,2,0.5,2,1,2,1,1,1,1,1,1
155,Cyndaquil,2,Fire,,Blaze,,Flash Fire,309,39,52,43,60,50,65,45,1,0.5,2,1,0.5,0.5,1,1,2,1,1,0.5,2,1,1,1,0.5,0.5
156,Quilava,2,Fire,,Blaze,,Flash Fire,405,58,64,58,80,65,80,45,1,0.5,2,1,0.5,0.5,1,1,2,1,1,0.5,2,1,1,1,0.5,0.5
157,Typhlosion,2,Fire,,Blaze,,Flash Fire,534,78,84,78,109,85,100,45,1,0.5,2,1,0.5,0.5,1,1,2,1,1,0.5,2,1,1,1,0.5,0.5
158,Totodile,2,Water,,Torrent,,Sheer Force,314,50,65,64,44,48,43,45,1,0.5,0.5,2,2,0.5,1,1,1,1,1,1,1,1,1,1,0.5,1
159,Croconaw,2,Water,,Torrent,,Sheer Force,405,65,80,80,59,63,58,45,1,0.5,0.5,2,2,0.5,1,1,1,1,1,1,1,1,1,1,0.5,1
160,Feraligatr,2,Water,,Torrent,,Sheer Force,530,85,105,100,79,83,78,45,1,0.5,0.5,2,2,0.5,1,1,1,1,1,1,1,1,1,1,0.5,1
161,Sentret,2,Normal,,Run Away,Keen Eye,Frisk,215,35,46,34,35,45,20,255,1,1,1,1,1,1,2,1,1,1,1,1,1,0,1,1,1,1
162,Furret,2,Normal,,Run Away,Keen Eye,Frisk,415,85,76,64,45,55,90,90,1,1,1,1,1,1,2,1,1,1,1,1,1,0,1,1,1,1
163,Hoothoot,2,Normal,Flying,Insomnia,Keen Eye,Tinted Lens,262,60,30,30,36,56,50,255,1,1,1,2,0.5,2,1,1,0,1,1,0.5,2,0,1,1,1,1
164,Noctowl,2,Normal,Flying,Insomnia,Keen Eye,Tinted Lens,452,100,50,50,86,96,70,90,1,1,1,2,0.5,2,1,1,0,1,1,0.5,2,0,1,1,1,1
165,Ledyba,2,Bug,Flying,Swarm,Early Bird,Rattled,265,40,20,30,40,80,55,255,1,2,1,2,0.25,2,0.25,1,0,2,1,0.5,4,1,1,1,1,1
166,Ledian,2,Bug,Flying,Swarm,Early Bird,Iron Fist,390,55,35,50,55,110,85,90,1,2,1,2,0.25,2,0.25,1,0,2,1,0.5,4,1,1,1,1,1
167,Spinarak,2,Bug,Poison,Swarm,Insomnia,Sniper,250,40,60,40,40,40,30,255,1,2,1,1,0.25,1,0.25,0.5,1,2,2,0.5,2,1,1,1,1,0.5
168,Ariados,2,Bug,Poison,Swarm,Insomnia,Sniper,400,70,90,70,60,70,40,90,1,2,1,1,0.25,1,0.25,0.5,1,2,2,0.5,2,1,1,1,1,0.5
169,Crobat,2,Poison,Flying,Inner Focus,,Infiltrator,535,85,90,80,70,80,130,90,1,1,1,2,0.25,2,0.25,0.5,0,1,2,0.25,2,1,1,1,1,0.5
170,Chinchou,2,Water,Electric,Volt Absorb,Illuminate,Water Absorb,330,75,38,38,56,56,67,190,1,0.5,0.5,0,2,0.5,1,1,2,0.5,1,1,1,1,1,1,0.25,1
171,Lanturn,2,Water,Electric,Volt Absorb,Illuminate,Water Absorb,460,125,58,58,76,76,67,75,1,0.5,0.5,0,2,0.5,1,1,2,0.5,1,1,1,1,1,1,0.25,1
172,Pichu,2,Electric,,Static,,Lightning Rod,205,20,40,15,35,35,60,190,1,1,1,0.5,1,1,1,1,2,0.5,1,1,1,1,1,1,0.5,1
173,Cleffa,2,Normal,,Cute Charm,Magic Guard,Friend Guard,218,50,25,28,45,55,15,150,1,1,1,1,1,1,2,1,1,1,1,1,1,0,1,1,1,1
174,Igglybuff,2,Normal,,Cute Charm,Competitive,Friend Guard,210,90,30,15,40,20,15,170,1,1,1,1,1,1,2,1,1,1,1,1,1,0,1,1,1,1
175,Togepi,2,Normal,,Hustle,Serene Grace,Super Luck,245,35,20,65,40,65,20,190,1,1,1,1,1,1,2,1,1,1,1,1,1,0,1,1,1,1
176,Togetic,2,Normal,Flying,Hustle,Serene Grace,Super Luck,405,55,40,85,80,105,40,75,1,1,1,2,0.5,2,1.0,1,0,1,1,0.5,2,0,1,1,1,1
177,Natu,2,Psychic,Flying,Synchronize,Early Bird,Magic Bounce,320,40,50,45,70,45,70,190,1,1,1,2,0.5,2,0.25,1,0,1,0.5,1,2,2,1,2,1,1
178,Xatu,2,Psychic,Flying,Synchronize,Early Bird,Magic Bounce,470,65,75,70,95,70,95,75,1,1,1,2,0.5,2,0.25,1,0,1,0.5,1,2,2,1,2,1,1
179,Mareep,2,Electric,,Static,,Plus,280,55,40,40,65,45,35,235,1,1,1,0.5,1,1,1,1,2,0.5,1,1,1,1,1,1,0.5,1
180,Flaaffy,2,Electric,,Static,,Plus,365,70,55,55,80,60,45,120,1,1,1,0.5,1,1,1,1,2,0.5,1,1,1,1,1,1,0.5,1
181,Ampharos,2,Electric,,Static,,Plus,510,90,75,85,115,90,55,45,1,1,1,0.5,1,1,1,1,2,0.5,1,1,1,1,1,1,0.5,1
182,Bellossom,2,Grass,,Chlorophyll,,Healer,490,75,80,95,90,100,50,45,1,2,0.5,0.5,0.5,2,1,2,0.5,2,1,2,1,1,1,1,1,1
183,Marill,2,Water,,Thick Fat,Huge Power,Sap Sipper,250,70,20,50,20,50,40,190,1,0.25,0.5,2,2,0.25,0.5,2,1,1,1,0.5,1,1,0,0.5,1,1
184,Azumarill,2,Water,,Thick Fat,Huge Power,Sap Sipper,420,100,50,80,60,80,50,75,1,0.5,0.5,2,2,0.5,1,1,1,1,1,1,1,1,1,1,0.5,1
185,Sudowoodo,2,Rock,,Sturdy,Rock Head,Rattled,410,70,100,115,30,65,30,65,0.5,0.5,2,1,2,1,2,0.5,2,0.5,1,1,1,1,1,1,2,1
186,Politoed,2,Water,,Water Absorb,Damp,Drizzle,500,90,75,75,90,100,70,45,1,0.5,0,2,2,0.5,1,1,1,1,1,1,1,1,1,1,0.5,1
187,Hoppip,2,Grass,Flying,Chlorophyll,Leaf Guard,Infiltrator,250,35,35,40,35,55,50,255,1,2,0.5,1,0.25,4,0.5,2,0,2,1,1,2,1,1,1,1,1
188,Skiploom,2,Grass,Flying,Chlorophyll,Leaf Guard,Infiltrator,340,55,45,50,45,65,80,120,1,2,0.5,1,0.25,4,0.5,2,0,2,1,1,2,1,1,1,1,1
189,Jumpluff,2,Grass,Flying,Chlorophyll,Leaf Guard,Infiltrator,460,75,55,70,55,95,110,45,1,2,0.5,1,0.25,4,0.5,2,0,2,1,1,2,1,1,1,1,1
190,Aipom,2,Normal,,Run Away,Pickup,Skill Link,360,55,70,55,40,55,85,45,1,1,1,1,1,1,2,1,1,1,1,1,1,0,1,1,1,1
191,Sunkern,2,Grass,,Chlorophyll,Solar Power,Early Bird,180,30,30,30,30,30,30,235,1,2,0.5,0.5,0.5,2,1,2,0.5,2,1,2,1,1,1,1,1,1
192,Sunflora,2,Grass,,Chlorophyll,Solar Power,Early Bird,425,75,75,55,105,85,30,120,1,2,0.5,0.5,0.5,2,1,2,0.5,2,1,2,1,1,1,1,1,1
193,Yanma,2,Bug,Flying,Speed Boost,Compound Eyes,Frisk,390,65,65,45,75,45,95,75,1,2,1,2,0.25,2,0.25,1,0,2,1,0.5,4,1,1,1,1,1
194,Wooper,2,Water,Ground,Damp,Water Absorb,Unaware,210,55,45,45,25,25,15,255,1,0.5,1,0,4,1,1,0.5,1,1,1,1,0.5,1,1,1,0.5,1
195,Quagsire,2,Water,Ground,Damp,Water Absorb,Unaware,430,95,85,85,65,65,35,90,1,0.5,1,0,4,1,1,0.5,1,1,1,1,0.5,1,1,1,0.5,1
196,Espeon,2,Psychic,,Synchronize,,Magic Bounce,525,65,65,60,130,95,110,45,1,1,1,1,1,1,0.5,1,1,1,0.5,2,1,2,1,2,1,1
197,Umbreon,2,Dark,,Synchronize,,Inner Focus,525,95,65,110,60,130,65,45,1,1,1,1,1,1,2,1,1,1,0,2,1,0.5,1,0.5,1,2
198,Murkrow,2,Dark,Flying,Insomnia,Super Luck,Prankster,405,60,85,42,85,42,91,30,1,1,1,2,0.5,2,1,1,0,1,0,1,2,0.5,1,0.5,1,2
199,Slowking,2,Water,Psychic,Oblivious,Own Tempo,Regenerator,490,95,75,80,100,110,30,70,1,0.5,0.5,2,2,0.5,0.5,1,1,1,0.5,2,1,2,1,2,0.5,1
200,Misdreavus,2,Ghost,,Levitate,,,435,60,60,60,85,85,85,45,0,1,1,1,1,1,0,0.5,0,1,1,0.5,1,2,1,2,1,1
201,Unown,2,Psychic,,Levitate,,,336,48,72,48,72,48,48,225,1,1,1,1,1,1,0.5,1,0,1,0.5,2,1,2,1,2,1,1
202,Wobbuffet,2,Psychic,,Shadow Tag,,Telepathy,405,190,33,58,33,58,33,45,1,1,1,1,1,1,0.5,1,1,1,0.5,2,1,2,1,2,1,1
203,Girafarig,2,Normal,Psychic,Inner Focus,Early Bird,Sap Sipper,455,70,80,65,90,65,85,60,1,1,1,1,1,1,1,1,1,1,0.5,2,1,0,1,2,1,1
204,Pineco,2,Bug,,Sturdy,,Overcoat,290,50,65,90,35,35,15,190,1,2,1,1,0.5,1,0.5,1,0.5,2,1,1,2,1,1,1,1,1
205,Forretress,2,Bug,Steel,Sturdy,,Overcoat,465,75,90,140,60,60,40,75,0.5,4,1,1,0.25,0.5,1,0,1,1,0.5,0.5,1,1,0.5,1,0.5,0.5
206,Dunsparce,2,Normal,,Serene Grace,Run Away,Rattled,415,100,70,70,65,65,45,190,1,1,1,1,1,1,2,1,1,1,1,1,1,0,1,1,1,1
207,Gligar,2,Ground,Flying,Hyper Cutter,Sand Veil,Immunity,430,65,75,105,35,65,85,60,1,1,2,0,1,4,0.5,0.5,0,1,1,0.5,1,1,1,1,1,1
208,Steelix,2,Steel,Ground,Rock Head,Sturdy,Sheer Force,510,75,85,200,55,65,30,25,0.5,2,2,0,1,1,2,0,2,0.5,0.5,0.5,0.25,1,0.5,1,0.5,0.5
209,Snubbull,2,Normal,,Intimidate,Run Away,Rattled,300,60,80,50,40,40,30,190,1,1,1,1,1,1,2,1,1,1,1,1,1,0,1,1,1,1
210,Granbull,2,Normal,,Intimidate,Quick Feet,Rattled,450,90,120,75,60,60,45,75,1,1,1,1,1,1,2,1,1,1,1,1,1,0,1,1,1,1
211,Qwilfish,2,Water,Poison,Poison Point,Swift Swim,Intimidate,440,65,95,85,55,55,85,45,1,0.5,0.5,2,1,0.5,0.5,0.5,2,1,2,0.5,1,1,1,1,0.5,0.5
212,Scizor,2,Bug,Steel,Swarm,Technician,Light Metal,500,70,130,100,55,80,65,25,0.5,4,1,1,0.25,0.5,1,0,1,1,0.5,0.5,1,1,0.5,1,0.5,0.5
213,Shuckle,2,Bug,Rock,Sturdy,Gluttony,Contrary,505,20,10,230,10,230,5,190,0.5,1,2,1,1,1,1,0.5,1,1,1,1,2,1,1,1,2,1
214,Heracross,2,Bug,Fighting,Swarm,Guts,Moxie,500,80,125,75,40,95,85,45,1,2,1,1,0.5,1,0.5,1,0.5,4,2,0.5,1,1,1,0.5,1,2
215,Sneasel,2,Dark,Ice,Inner Focus,Keen Eye,Pickpocket,430,55,95,55,35,75,115,60,1,2,1,1,1,0.5,4,1,1,1,0,2,2,0.5,1,0.5,2,2
216,Teddiursa,2,Normal,,Pickup,Quick Feet,Honey Gather,330,60,80,50,50,50,40,120,1,1,1,1,1,1,2,1,1,1,1,1,1,0,1,1,1,1
217,Ursaring,2,Normal,,Guts,Quick Feet,Unnerve,500,90,130,75,75,75,55,60,1,1,1,1,1,1,2,1,1,1,1,1,1,0,1,1,1,1
218,Slugma,2,Fire,,Magma Armor,Flame Body,Weak Armor,250,40,40,40,70,40,20,190,1,0.5,2,1,0.5,0.5,1,1,2,1,1,0.5,2,1,1,1,0.5,0.5
219,Magcargo,2,Fire,Rock,Magma Armor,Flame Body,Weak Armor,430,60,50,120,90,80,30,75,0.5,0.25,4,1,1,0.5,2,0.5,4,0.5,1,0.5,2,1,1,1,1,0.5
220,Swinub,2,Ice,Ground,Oblivious,Snow Cloak,Thick Fat,250,50,50,40,30,30,50,225,1,2,2,0,2,1,2,0.5,1,1,1,1,1,1,1,1,2,1
221,Piloswine,2,Ice,Ground,Oblivious,Snow Cloak,Thick Fat,450,100,100,80,60,60,50,75,1,2,2,0,2,1,2,0.5,1,1,1,1,1,1,1,1,2,1
222,Corsola,2,Water,Rock,Hustle,Natural Cure,Regenerator,410,65,55,95,65,95,35,60,0.5,0.25,1,2,4,0.5,2,0.5,2,0.5,1,1,1,1,1,1,1,1
223,Remoraid,2,Water,,Hustle,Sniper,Moody,300,35,65,35,65,35,65,190,1,0.5,0.5,2,2,0.5,1,1,1,1,1,1,1,1,1,1,0.5,1
224,Octillery,2,Water,,Suction Cups,Sniper,Moody,480,75,105,75,105,75,45,75,1,0.5,0.5,2,2,0.5,1,1,1,1,1,1,1,1,1,1,0.5,1
225,Delibird,2,Ice,Flying,Vital Spirit,Hustle,Insomnia,330,45,55,45,65,45,75,45,1,2,1,2,0.5,1,1,1,0,1,1,0.5,4,1,1,1,2,1
226,Mantine,2,Water,Flying,Swift Swim,Water Absorb,Water Veil,485,85,40,70,80,140,70,25,1,0.5,0.5,4,1,1,0.5,1,0,1,1,0.5,2,1,1,1,0.5,1
227,Skarmory,2,Steel,Flying,Keen Eye,Sturdy,Weak Armor,465,65,80,140,40,70,70,25,0.5,2,1,2,0.25,1,1,0,0,0.5,0.5,0.25,1,1,0.5,1,0.5,0.5
228,Houndour,2,Dark,Fire,Early Bird,Flash Fire,Unnerve,330,45,60,30,80,50,65,120,1,0.5,2,1,0.5,0.5,2,1,2,1,0,1,2,0.5,1,0.5,0.5,1
229,Houndoom,2,Dark,Fire,Early Bird,Flash Fire,Unnerve,500,75,90,50,110,80,95,45,1,0.5,2,1,0.5,0.5,2,1,2,1,0,1,2,0.5,1,0.5,0.5,1
230,Kingdra,2,Water,Dragon,Swift Swim,Sniper,Damp,540,75,95,95,95,95,85,45,1,0.25,0.25,1,1,1,1,1,1,1,1,1,1,1,2,1,0.5,2
231,Phanpy,2,Ground,,Pickup,,Sand Veil,330,90,60,60,40,40,40,120,1,1,2,0,2,2,1,0.5,1,1,1,1,0.5,1,1,1,1,1
232,Donphan,2,Ground,,Sturdy,,Sand Veil,500,90,120,120,60,60,50,60,1,1,2,0,2,2,1,0.5,1,1,1,1,0.5,1,1,1,1,1
233,Porygon2,2,Normal,,Trace,Download,Analytic,515,85,80,90,105,95,60,45,1,1,1,1,1,1,2,1,1,1,1,1,1,0,1,1,1,1
234,Stantler,2,Normal,,Intimidate,Frisk,Sap Sipper,465,73,95,62,85,65,85,45,1,1,1,1,1,1,2,1,1,1,1,1,1,0,1,1,1,1
235,Smeargle,2,Normal,,Own Tempo,Technician,Moody,250,55,20,35,20,45,75,45,1,1,1,1,1,1,2,1,1,1,1,1,1,0,1,1,1,1
236,Tyrogue,2,Fighting,,Guts,Steadfast,Vital Spirit,210,35,35,35,35,35,35,75,1,1,1,1,1,1,1,1,1,2,2,0.5,0.5,1,1,0.5,1,2
237,Hitmontop,2,Fighting,,Intimidate,Technician,Steadfast,455,50,95,95,35,110,70,45,1,1,1,1,1,1,1,1,1,2,2,0.5,0.5,1,1,0.5,1,2
238,Smoochum,2,Ice,Psychic,Oblivious,Forewarn,Hydration,305,45,30,15,85,65,65,45,1,2,1,1,1,0.5,1,1,1,1,0.5,2,2,2,1,2,2,1
239,Elekid,2,Electric,,Static,,Vital Spirit,360,45,63,37,65,55,95,45,1,1,1,0.5,1,1,1,1,2,0.5,1,1,1,1,1,1,0.5,1
240,Magby,2,Fire,,Flame Body,,Vital Spirit,365,45,75,37,70,55,83,45,1,0.5,2,1,0.5,0.5,1,1,2,1,1,0.5,2,1,1,1,0.5,0.5
241,Miltank,2,Normal,,Thick Fat,Scrappy,Sap Sipper,490,95,80,105,40,70,100,45,1,0.5,1,1,1,0.5,2,1,1,1,1,1,1,0,1,1,1,1
242,Blissey,2,Normal,,Natural Cure,Serene Grace,Healer,540,255,10,10,75,135,55,30,1,1,1,1,1,1,2,1,1,1,1,1,1,0,1,1,1,1
243,Raikou,2,Electric,,Pressure,,Inner Focus,580,90,85,75,115,100,115,3,1,1,1,0.5,1,1,1,1,2,0.5,1,1,1,1,1,1,0.5,1
244,Entei,2,Fire,,Pressure,,Inner Focus,580,115,115,85,90,75,100,3,1,0.5,2,1,0.5,0.5,1,1,2,1,1,0.5,2,1,1,1,0.5,0.5
245,Suicune,2,Water,,Pressure,,Inner Focus,580,100,75,115,90,115,85,3,1,0.5,0.5,2,2,0.5,1,1,1,1,1,1,1,1,1,1,0.5,1
246,Larvitar,2,Rock,Ground,Guts,,Sand Veil,300,50,64,50,45,50,41,45,0.5,0.5,4,0,4,2,2,0.25,2,0.5,1,1,0.5,1,1,1,2,1
247,Pupitar,2,Rock,Ground,Shed Skin,,,410,70,84,70,65,70,51,45,0.5,0.5,4,0,4,2,2,0.25,2,0.5,1,1,0.5,1,1,1,2,1
248,Tyranitar,2,Rock,Dark,Sand Stream,,Unnerve,600,100,134,110,95,100,61,45,0.5,0.5,2,1,2,1,4,0.5,2,0.5,0,2,1,0.5,1,0.5,2,2
249,Lugia,2,Psychic,Flying,Pressure,,Multiscale,680,106,90,130,90,154,110,3,1,1,1,2,0.5,2,0.25,1,0,1,0.5,1,2,2,1,2,1,1
250,Ho-oh,2,Fire,Flying,Pressure,,Regenerator,680,106,130,90,110,154,90,3,1,0.5,2,2,0.25,1,0.5,1,0,1,1,0.25,4,1,1,1,0.5,0.5
251,Celebi,2,Psychic,Grass,Natural Cure,,,600,100,100,100,100,100,100,45,1,2,0.5,0.5,0.5,2,0.5,2,0.5,2,0.5,4,1,2,1,2,1,1
252,Treecko,3,Grass,,Overgrow,,Unburden,310,40,45,35,65,55,70,45,1,2,0.5,0.5,0.5,2,1,2,0.5,2,1,2,1,1,1,1,1,1
253,Grovyle,3,Grass,,Overgrow,,Unburden,405,50,65,45,85,65,95,45,1,2,0.5,0.5,0.5,2,1,2,0.5,2,1,2,1,1,1,1,1,1
254,Sceptile,3,Grass,,Overgrow,,Unburden,530,70,85,65,105,85,120,45,1,2,0.5,0.5,0.5,2,1,2,0.5,2,1,2,1,1,1,1,1,1
255,Torchic,3,Fire,,Blaze,,Speed Boost,310,45,60,40,70,50,45,45,1,0.5,2,1,0.5,0.5,1,1,2,1,1,0.5,2,1,1,1,0.5,0.5
256,Combusken,3,Fire,Fighting,Blaze,,Speed Boost,405,60,85,60,85,60,55,45,1,0.5,2,1,0.5,0.5,1,1,2,2,2,0.25,1,1,1,0.5,0.5,1
257,Blaziken,3,Fire,Fighting,Blaze,,Speed Boost,530,80,120,70,110,70,80,45,1,0.5,2,1,0.5,0.5,1,1,2,2,2,0.25,1,1,1,0.5,0.5,1
258,Mudkip,3,Water,,Torrent,,Damp,310,50,70,50,50,50,40,45,1,0.5,0.5,2,2,0.5,1,1,1,1,1,1,1,1,1,1,0.5,1
259,Marshtomp,3,Water,Ground,Torrent,,Damp,405,70,85,70,60,70,50,45,1,0.5,1,0,4,1,1,0.5,1,1,1,1,0.5,1,1,1,0.5,1
260,Swampert,3,Water,Ground,Torrent,,Damp,535,100,110,90,85,90,60,45,1,0.5,1,0,4,1,1,0.5,1,1,1,1,0.5,1,1,1,0.5,1
261,Poochyena,3,Dark,,Run Away,Quick Feet,Rattled,220,35,55,35,30,30,35,255,1,1,1,1,1,1,2,1,1,1,0,2,1,0.5,1,0.5,1,2
262,Mightyena,3,Dark,,Intimidate,Quick Feet,Moxie,420,70,90,70,60,60,70,127,1,1,1,1,1,1,2,1,1,1,0,2,1,0.5,1,0.5,1,2
263,Zigzagoon,3,Normal,,Pickup,Gluttony,Quick Feet,240,38,30,41,30,41,60,255,1,1,1,1,1,1,2,1,1,1,1,1,1,0,1,1,1,1
264,Linoone,3,Normal,,Pickup,Gluttony,Quick Feet,420,78,70,61,50,61,100,90,1,1,1,1,1,1,2,1,1,1,1,1,1,0,1,1,1,1
265,Wurmple,3,Bug,,Shield Dust,,Run Away,195,45,45,35,20,30,20,255,1,2,1,1,0.5,1,0.5,1,0.5,2,1,1,2,1,1,1,1,1
266,Silcoon,3,Bug,,Shed Skin,,,205,50,35,55,25,25,15,120,1,2,1,1,0.5,1,0.5,1,0.5,2,1,1,2,1,1,1,1,1
267,Beautifly,3,Bug,Flying,Swarm,,Rivalry,395,60,70,50,100,50,65,45,1,2,1,2,0.25,2,0.25,1,0,2,1,0.5,4,1,1,1,1,1
268,Cascoon,3,Bug,,Shed Skin,,,205,50,35,55,25,25,15,120,1,2,1,1,0.5,1,0.5,1,0.5,2,1,1,2,1,1,1,1,1
269,Dustox,3,Bug,Poison,Shield Dust,,Compound Eyes,385,60,50,70,50,90,65,45,1,2,1,1,0.25,1,0.25,0.5,1,2,2,0.5,2,1,1,1,1,0.5
270,Lotad,3,Water,Grass,Swift Swim,Rain Dish,Own Tempo,220,40,30,30,40,50,30,255,1,1,0.25,1,1,1,1,2,0.5,2,1,2,1,1,1,1,0.5,1
271,Lombre,3,Water,Grass,Swift Swim,Rain Dish,Own Tempo,340,60,50,50,60,70,50,120,1,1,0.25,1,1,1,1,2,0.5,2,1,2,1,1,1,1,0.5,1
272,Ludicolo,3,Water,Grass,Swift Swim,Rain Dish,Own Tempo,480,80,70,70,90,100,70,45,1,1,0.25,1,1,1,1,2,0.5,2,1,2,1,1,1,1,0.5,1
273,Seedot,3,Grass,,Chlorophyll,Early Bird,Pickpocket,220,40,40,50,30,30,30,255,1,2,0.5,0.5,0.5,2,1,2,0.5,2,1,2,1,1,1,1,1,1
274,Nuzleaf,3,Grass,Dark,Chlorophyll,Early Bird,Pickpocket,340,70,70,40,60,40,60,120,1,2,0.5,0.5,0.5,2,2,2,0.5,2,0,4,1,0.5,1,0.5,1,2
275,Shiftry,3,Grass,Dark,Chlorophyll,Early Bird,Pickpocket,480,90,100,60,90,60,80,45,1,2,0.5,0.5,0.5,2,2,2,0.5,2,0,4,1,0.5,1,0.5,1,2
276,Taillow,3,Normal,Flying,Guts,,Scrappy,270,40,55,30,30,30,85,200,1,1,1,2,0.5,2,1,1,0,1,1,0.5,2,0,1,1,1,1
277,Swellow,3,Normal,Flying,Guts,,Scrappy,455,60,85,60,75,50,125,45,1,1,1,2,0.5,2,1,1,0,1,1,0.5,2,0,1,1,1,1
278,Wingull,3,Water,Flying,Keen Eye,Hydration,Rain Dish,270,40,30,30,55,30,85,190,1,0.5,0.5,4,1,1,0.5,1,0,1,1,0.5,2,1,1,1,0.5,1
279,Pelipper,3,Water,Flying,Keen Eye,Drizzle,Rain Dish,440,60,50,100,95,70,65,45,1,0.5,0.5,4,1,1,0.5,1,0,1,1,0.5,2,1,1,1,0.5,1
280,Ralts,3,Psychic,,Synchronize,Trace,Telepathy,198,28,25,25,45,35,40,235,1,1,1,1,1,1,0.5,1,1,1,0.5,2,1,2,1,2,1,1
281,Kirlia,3,Psychic,,Synchronize,Trace,Telepathy,278,38,35,35,65,55,50,120,1,1,1,1,1,1,0.5,1,1,1,0.5,2,1,2,1,2,1,1
282,Gardevoir,3,Psychic,,Synchronize,Trace,Telepathy,518,68,65,65,125,115,80,45,1,1,1,1,1,1,0.5,1,1,1,0.5,2,1,2,1,2,1,1
283,Surskit,3,Bug,Water,Swift Swim,,Rain Dish,269,40,30,32,50,52,65,200,1,1,0.5,2,1,0.5,0.5,1,0.5,2,1,1,2,1,1,1,0.5,1
284,Masquerain,3,Bug,Flying,Intimidate,,Unnerve,454,70,60,62,100,82,80,75,1,2,1,2,0.25,2,0.25,1,0,2,1,0.5,4,1,1,1,1,1
285,Shroomish,3,Grass,,Effect Spore,Poison Heal,Quick Feet,295,60,40,60,40,60,35,255,1,2,0.5,0.5,0.5,2,1,2,0.5,2,1,2,1,1,1,1,1,1
286,Breloom,3,Grass,Fighting,Effect Spore,Poison Heal,Technician,460,60,130,80,60,60,70,90,1,2,0.5,0.5,0.5,2,1,2,0.5,4,2,1,0.5,1,1,0.5,1,2
287,Slakoth,3,Normal,,Truant,,,280,60,60,60,35,35,30,255,1,1,1,1,1,1,2,1,1,1,1,1,1,0,1,1,1,1
288,Vigoroth,3,Normal,,Vital Spirit,,,440,80,80,80,55,55,90,120,1,1,1,1,1,1,2,1,1,1,1,1,1,0,1,1,1,1
289,Slaking,3,Normal,,Truant,,,670,150,160,100,95,65,100,45,1,1,1,1,1,1,2,1,1,1,1,1,1,0,1,1,1,1
290,Nincada,3,Bug,Ground,Compound Eyes,,Run Away,266,31,45,90,30,30,40,255,1,2,2,0,1,2,0.5,0.5,0.5,2,1,1,1,1,1,1,1,1
291,Ninjask,3,Bug,Flying,Speed Boost,,Infiltrator,456,61,90,45,50,50,160,120,1,2,1,2,0.25,2,0.25,1,0,2,1,0.5,4,1,1,1,1,1
292,Shedinja,3,Bug,Ghost,Wonder Guard,,,236,1,90,45,30,30,40,45,0,2,0,0,0,0,0,0,0,2,0,0,2,2,0,2,0,0
293,Whismur,3,Normal,,Soundproof,,Rattled,240,64,51,23,51,23,28,190,1,1,1,1,1,1,2,1,1,1,1,1,1,0,1,1,1,1
294,Loudred,3,Normal,,Soundproof,,Scrappy,360,84,71,43,71,43,48,120,1,1,1,1,1,1,2,1,1,1,1,1,1,0,1,1,1,1
295,Exploud,3,Normal,,Soundproof,,Scrappy,490,104,91,63,91,73,68,45,1,1,1,1,1,1,2,1,1,1,1,1,1,0,1,1,1,1
296,Makuhita,3,Fighting,,Thick Fat,Guts,Sheer Force,237,72,60,30,20,30,25,180,1,0.5,1,1,1,0.5,1,1,1,2,2,0.5,0.5,1,1,0.5,1,2
297,Hariyama,3,Fighting,,Thick Fat,Guts,Sheer Force,474,144,120,60,40,60,50,200,1,0.5,1,1,1,0.5,1,1,1,2,2,0.5,0.5,1,1,0.5,1,2
298,Azurill,3,Normal,,Thick Fat,Huge Power,Sap Sipper,190,50,20,40,20,40,20,150,1,1,1,1,1,1,2,1,1,1,1,1,1,0,1,1,1,1
299,Nosepass,3,Rock,,Sturdy,Magnet Pull,Sand Force,375,30,45,135,45,90,30,255,0.5,0.5,2,1,2,1,2,0.5,2,0.5,1,1,1,1,1,1,2,1
300,Skitty,3,Normal,,Cute Charm,Normalize,Wonder Skin,260,50,45,45,35,35,50,255,1,1,1,1,1,1,2,1,1,1,1,1,1,0,1,1,1,1
301,Delcatty,3,Normal,,Cute Charm,Normalize,Wonder Skin,400,70,65,65,55,55,90,60,1,1,1,1,1,1,2,1,1,1,1,1,1,0,1,1,1,1
302,Sableye,3,Dark,Ghost,Keen Eye,Stall,Prankster,380,50,75,75,65,65,50,45,0,1,1,1,1,1,0,0.5,1,1,0,1,1,1,1,1,1,2
303,Mawile,3,Steel,,Hyper Cutter,Intimidate,Sheer Force,380,50,85,85,55,55,50,45,0.5,2,1,1,0.5,0.5,2,0,2,0.5,0.5,0.5,0.5,1,0.5,1,0.5,0.5
304,Aron,3,Steel,Rock,Sturdy,Rock Head,Heavy Metal,330,50,70,100,40,40,30,180,0.25,1,2,1,1,0.5,4,0,4,0.25,0.5,0.5,0.5,1,0.5,1,1,0.5
305,Lairon,3,Steel,Rock,Sturdy,Rock Head,Heavy Metal,430,60,90,140,50,50,40,90,0.25,1,2,1,1,0.5,4,0,4,0.25,0.5,0.5,0.5,1,0.5,1,1,0.5
306,Aggron,3,Steel,Rock,Sturdy,Rock Head,Heavy Metal,530,70,110,180,60,60,50,45,0.25,1,2,1,1,0.5,4,0,4,0.25,0.5,0.5,0.5,1,0.5,1,1,0.5
307,Meditite,3,Fighting,Psychic,Pure Power,,Telepathy,280,30,40,55,40,55,60,180,1,1,1,1,1,1,0.5,1,1,2,1,1,0.5,2,1,1,1,2
308,Medicham,3,Fighting,Psychic,Pure Power,,Telepathy,410,60,60,75,60,75,80,90,1,1,1,1,1,1,0.5,1,1,2,1,1,0.5,2,1,1,1,2
309,Electrike,3,Electric,,Static,Lightning Rod,Minus,295,40,45,40,65,40,65,120,1,1,1,0.5,1,1,1,1,2,0.5,1,1,1,1,1,1,0.5,1
310,Manectric,3,Electric,,Static,Lightning Rod,Minus,475,70,75,60,105,60,105,45,1,1,1,0.5,1,1,1,1,2,0.5,1,1,1,1,1,1,0.5,1
311,Plusle,3,Electric,,Plus,,Lightning Rod,405,60,50,40,85,75,95,200,1,1,1,0.5,1,1,1,1,2,0.5,1,1,1,1,1,1,0.5,1
312,Minun,3,Electric,,Minus,,Volt Absorb,405,60,40,50,75,85,95,200,1,1,1,0.5,1,1,1,1,2,0.5,1,1,1,1,1,1,0.5,1
313,Volbeat,3,Bug,,Illuminate,Swarm,Prankster,430,65,73,75,47,85,85,150,1,2,1,1,0.5,1,0.5,1,0.5,2,1,1,2,1,1,1,1,1
314,Illumise,3,Bug,,Oblivious,Tinted Lens,Prankster,430,65,47,75,73,85,85,150,1,2,1,1,0.5,1,0.5,1,0.5,2,1,1,2,1,1,1,1,1
315,Roselia,3,Grass,Poison,Natural Cure,Poison Point,Leaf Guard,400,50,60,45,100,80,65,150,1,2,0.5,0.5,0.25,2,0.5,1,1,2,2,1,1,1,1,1,1,0.5
316,Gulpin,3,Poison,,Liquid Ooze,Sticky Hold,Gluttony,302,70,43,53,43,53,40,225,1,1,1,1,0.5,1,0.5,0.5,2,1,2,0.5,1,1,1,1,1,0.5
317,Swalot,3,Poison,,Liquid Ooze,Sticky Hold,Gluttony,467,100,73,83,73,83,55,75,1,1,1,1,0.5,1,0.5,0.5,2,1,2,0.5,1,1,1,1,1,0.5
318,Carvanha,3,Water,Dark,Rough Skin,,Speed Boost,305,45,90,20,65,20,65,225,1,0.5,0.5,2,2,0.5,2,1,1,1,0,2,1,0.5,1,0.5,0.5,2
319,Sharpedo,3,Water,Dark,Rough Skin,,Speed Boost,460,70,120,40,95,40,95,60,1,0.5,0.5,2,2,0.5,2,1,1,1,0,2,1,0.5,1,0.5,0.5,2
320,Wailmer,3,Water,,Water Veil,Oblivious,Pressure,400,130,70,35,70,35,60,125,1,0.5,0.5,2,2,0.5,1,1,1,1,1,1,1,1,1,1,0.5,1
321,Wailord,3,Water,,Water Veil,Oblivious,Pressure,500,170,90,45,90,45,60,60,1,0.5,0.5,2,2,0.5,1,1,1,1,1,1,1,1,1,1,0.5,1
322,Numel,3,Fire,Ground,Oblivious,Simple,Own Tempo,305,60,60,40,65,45,35,255,1,0.5,4,0,1,1,1,0.5,2,1,1,0.5,1,1,1,1,0.5,0.5
323,Camerupt,3,Fire,Ground,Magma Armor,Solid Rock,Anger Point,460,70,100,70,105,75,40,150,1,0.5,4,0,1,1,1,0.5,2,1,1,0.5,1,1,1,1,0.5,0.5
324,Torkoal,3,Fire,,White Smoke,Drought,Shell Armor,470,70,85,140,85,70,20,90,1,0.5,2,1,0.5,0.5,1,1,2,1,1,0.5,2,1,1,1,0.5,0.5
325,Spoink,3,Psychic,,Thick Fat,Own Tempo,Gluttony,330,60,25,35,70,80,60,255,1,0.5,1,1,1,0.5,0.5,1,1,1,0.5,2,1,2,1,2,1,1
326,Grumpig,3,Psychic,,Thick Fat,Own Tempo,Gluttony,470,80,45,65,90,110,80,60,1,0.5,1,1,1,0.5,0.5,1,1,1,0.5,2,1,2,1,2,1,1
327,Spinda,3,Normal,,Own Tempo,Tangled Feet,Contrary,360,60,60,60,60,60,60,255,1,1,1,1,1,1,2,1,1,1,1,1,1,0,1,1,1,1
328,Trapinch,3,Ground,,Hyper Cutter,Arena Trap,Sheer Force,290,45,100,45,45,45,10,255,1,1,2,0,2,2,1,0.5,1,1,1,1,0.5,1,1,1,1,1
329,Vibrava,3,Ground,Dragon,Levitate,,,340,50,70,50,50,50,70,120,1,0.5,1,0,1,4,1,0.5,0,1,1,1,0.5,1,2,1,1,2
330,Flygon,3,Ground,Dragon,Levitate,,,520,80,100,80,80,80,100,45,1,0.5,1,0,1,4,1,0.5,0,1,1,1,0.5,1,2,1,1,2
331,Cacnea,3,Grass,,Sand Veil,,Water Absorb,335,50,85,40,85,40,35,190,1,2,0.5,0.5,0.5,2,1,2,0.5,2,1,2,1,1,1,1,1,1
332,Cacturne,3,Grass,Dark,Sand Veil,,Water Absorb,475,70,115,60,115,60,55,60,1,2,0.5,0.5,0.5,2,2,2,0.5,2,0,4,1,0.5,1,0.5,1,2
333,Swablu,3,Normal,Flying,Natural Cure,,Cloud Nine,310,45,40,60,40,75,50,255,1,1,1,2,0.5,2,1,1,0,1,1,0.5,2,0,1,1,1,1
334,Altaria,3,Dragon,Flying,Natural Cure,,Cloud Nine,490,75,70,90,70,105,80,45,1,0.5,0.5,1,0.25,4,0.5,1,0,1,1,0.5,2,1,2,1,1,2
335,Zangoose,3,Normal,,Immunity,,Toxic Boost,458,73,115,60,60,60,90,90,1,1,1,1,1,1,2,1,1,1,1,1,1,0,1,1,1,1
336,Seviper,3,Poison,,Shed Skin,,Infiltrator,458,73,100,60,100,60,65,90,1,1,1,1,0.5,1,0.5,0.5,2,1,2,0.5,1,1,1,1,1,0.5
337,Lunatone,3,Rock,Psychic,Levitate,,,460,90,55,65,95,85,70,45,0.5,0.5,2,1,2,1,1,0.5,0,0.5,0.5,2,1,2,1,2,2,1
338,Solrock,3,Rock,Psychic,Levitate,,,460,90,95,85,55,65,70,45,0.5,0.5,2,1,2,1,1,0.5,0,0.5,0.5,2,1,2,1,2,2,1
339,Barboach,3,Water,Ground,Oblivious,Anticipation,Hydration,288,50,48,43,46,41,60,190,1,0.5,1,0,4,1,1,0.5,1,1,1,1,0.5,1,1,1,0.5,1
340,Whiscash,3,Water,Ground,Oblivious,Anticipation,Hydration,468,110,78,73,76,71,60,75,1,0.5,1,0,4,1,1,0.5,1,1,1,1,0.5,1,1,1,0.5,1
341,Corphish,3,Water,,Hyper Cutter,Shell Armor,Adaptability,308,43,80,65,50,35,35,205,1,0.5,0.5,2,2,0.5,1,1,1,1,1,1,1,1,1,1,0.5,1
342,Crawdaunt,3,Water,Dark,Hyper Cutter,Shell Armor,Adaptability,468,63,120,85,90,55,55,155,1,0.5,0.5,2,2,0.5,2,1,1,1,0,2,1,0.5,1,0.5,0.5,2
343,Baltoy,3,Ground,Psychic,Levitate,,,300,40,40,55,40,70,55,255,1,1,2,0,2,2,0.5,0.5,0,1,0.5,2,0.5,2,1,2,1,1
344,Claydol,3,Ground,Psychic,Levitate,,,500,60,70,105,70,120,75,90,1,1,2,0,2,2,0.5,0.5,0,1,0.5,2,0.5,2,1,2,1,1
345,Lileep,3,Rock,Grass,Suction Cups,,Storm Drain,355,66,41,77,61,87,23,45,0.5,1,1,0.5,1,2,2,1,1,1,1,2,1,1,1,1,2,1
346,Cradily,3,Rock,Grass,Suction Cups,,Storm Drain,495,86,81,97,81,107,43,45,0.5,1,1,0.5,1,2,2,1,1,1,1,2,1,1,1,1,2,1
347,Anorith,3,Rock,Bug,Battle Armor,,Swift Swim,355,45,95,50,40,50,75,45,0.5,1,2,1,1,1,1,0.5,1,1,1,1,2,1,1,1,2,1
348,Armaldo,3,Rock,Bug,Battle Armor,,Swift Swim,495,75,125,100,70,80,45,45,0.5,1,2,1,1,1,1,0.5,1,1,1,1,2,1,1,1,2,1
349,Feebas,3,Water,,Swift Swim,Oblivious,Adaptability,200,20,15,20,10,55,80,255,1,0.5,0.5,2,2,0.5,1,1,1,1,1,1,1,1,1,1,0.5,1
350,Milotic,3,Water,,Marvel Scale,Competitive,Cute Charm,540,95,60,79,100,125,81,60,1,0.5,0.5,2,2,0.5,1,1,1,1,1,1,1,1,1,1,0.5,1
351,Castform,3,Normal,,Forecast,,,420,70,70,70,70,70,70,45,1,1,1,1,1,1,2,1,1,1,1,1,1,0,1,1,1,1
352,Kecleon,3,Normal,,Color Change,,Protean,440,60,90,70,60,120,40,200,1,1,1,1,1,1,2,1,1,1,1,1,1,0,1,1,1,1
353,Shuppet,3,Ghost,,Insomnia,Frisk,Cursed Body,295,44,75,35,63,33,45,225,0,1,1,1,1,1,0,0.5,1,1,1,0.5,1,2,1,2,1,1
354,Banette,3,Ghost,,Insomnia,Frisk,Cursed Body,455,64,115,65,83,63,65,45,0,1,1,1,1,1,0,0.5,1,1,1,0.5,1,2,1,2,1,1
355,Duskull,3,Ghost,,Levitate,,Frisk,295,20,40,90,30,90,25,190,0,1,1,1,1,1,0,0.5,0,1,1,0.5,1,2,1,2,1,1
356,Dusclops,3,Ghost,,Pressure,,Frisk,455,40,70,130,60,130,25,90,0,1,1,1,1,1,0,0.5,1,1,1,0.5,1,2,1,2,1,1
357,Tropius,3,Grass,Flying,Chlorophyll,Solar Power,Harvest,460,99,68,83,72,87,51,200,1,2,0.5,1,0.25,4,0.5,2,0,2,1,1,2,1,1,1,1,1
358,Chimecho,3,Psychic,,Levitate,,,455,75,50,80,95,90,65,45,1,1,1,1,1,1,0.5,1,0,1,0.5,2,1,2,1,2,1,1
359,Absol,3,Dark,,Pressure,Super Luck,Justified,465,65,130,60,75,60,75,30,1,1,1,1,1,1,2,1,1,1,0,2,1,0.5,1,0.5,1,2
360,Wynaut,3,Psychic,,Shadow Tag,,Telepathy,260,95,23,48,23,48,23,125,1,1,1,1,1,1,0.5,1,1,1,0.5,2,1,2,1,2,1,1
361,Snorunt,3,Ice,,Inner Focus,Ice Body,Moody,300,50,50,50,50,50,50,190,1,2,1,1,1,0.5,2,1,1,1,1,1,2,1,1,1,2,1
362,Glalie,3,Ice,,Inner Focus,Ice Body,Moody,480,80,80,80,80,80,80,75,1,2,1,1,1,0.5,2,1,1,1,1,1,2,1,1,1,2,1
363,Spheal,3,Ice,Water,Thick Fat,Ice Body,Oblivious,290,70,40,50,55,50,25,255,1,0.5,0.5,2,2,125,2,1,1,1,1,1,2,1,1,1,1,1
364,Sealeo,3,Ice,Water,Thick Fat,Ice Body,Oblivious,410,90,60,70,75,70,45,120,1,0.5,0.5,2,2,125,2,1,1,1,1,1,2,1,1,1,1,1
365,Walrein,3,Ice,Water,Thick Fat,Ice Body,Oblivious,530,110,80,90,95,90,65,45,1,0.5,0.5,2,2,125,2,1,1,1,1,1,2,1,1,1,1,1
366,Clamperl,3,Water,,Shell Armor,,Rattled,345,35,64,85,74,55,32,255,1,0.5,0.5,2,2,0.5,1,1,1,1,1,1,1,1,1,1,0.5,1
367,Huntail,3,Water,,Swift Swim,,Water Veil,485,55,104,105,94,75,52,60,1,0.5,0.5,2,2,0.5,1,1,1,1,1,1,1,1,1,1,0.5,1
368,Gorebyss,3,Water,,Swift Swim,,Hydration,485,55,84,105,114,75,52,60,1,0.5,0.5,2,2,0.5,1,1,1,1,1,1,1,1,1,1,0.5,1
369,Relicanth,3,Water,Rock,Swift Swim,Rock Head,Sturdy,485,100,90,130,45,65,55,25,0.5,0.25,1,2,4,0.5,2,0.5,2,0.5,1,1,1,1,1,1,1,1
370,Luvdisc,3,Water,,Swift Swim,,Hydration,330,43,30,55,40,65,97,225,1,0.5,0.5,2,2,0.5,1,1,1,1,1,1,1,1,1,1,0.5,1
371,Bagon,3,Dragon,,Rock Head,,Sheer Force,300,45,75,60,40,30,50,45,1,0.5,0.5,0.5,0.5,2,1,1,1,1,1,1,1,1,2,1,1,2
372,Shelgon,3,Dragon,,Rock Head,,Overcoat,420,65,95,100,60,50,50,45,1,0.5,0.5,0.5,0.5,2,1,1,1,1,1,1,1,1,2,1,1,2
373,Salamence,3,Dragon,Flying,Intimidate,,Moxie,600,95,135,80,110,80,100,45,1,0.5,0.5,1,0.25,4,0.5,1,0,1,1,0.5,2,1,2,1,1,2
374,Beldum,3,Steel,Psychic,Clear Body,,Light Metal,300,40,55,80,35,60,30,3,0.5,2,1,1,0.5,0.5,1,0,2,0.5,0.25,1,0.5,2,0.5,2,0.5,0.5
375,Metang,3,Steel,Psychic,Clear Body,,Light Metal,420,60,75,100,55,80,50,3,0.5,2,1,1,0.5,0.5,1,0,2,0.5,0.25,1,0.5,2,0.5,2,0.5,0.5
376,Metagross,3,Steel,Psychic,Clear Body,,Light Metal,600,80,135,130,95,90,70,3,0.5,2,1,1,0.5,0.5,1,0,2,0.5,0.25,1,0.5,2,0.5,2,0.5,0.5
377,Regirock,3,Rock,,Clear Body,,Sturdy,580,80,100,200,50,100,50,3,0.5,0.5,2,1,2,1,2,0.5,2,0.5,1,1,1,1,1,1,2,1
378,Regice,3,Ice,,Clear Body,,Ice Body,580,80,50,100,100,200,50,3,1,2,1,1,1,0.5,2,1,1,1,1,1,2,1,1,1,2,1
379,Registeel,3,Steel,,Clear Body,,Light Metal,580,80,75,150,75,150,50,3,0.5,2,1,1,0.5,0.5,2,0,2,0.5,0.5,0.5,0.5,1,0.5,1,0.5,0.5
380,Latias,3,Dragon,Psychic,Levitate,,,600,80,80,90,110,130,110,3,1,0.5,0.5,0.5,0.5,2,0.5,1,0,1,0.5,2,1,2,2,2,1,2
381,Latios,3,Dragon,Psychic,Levitate,,,600,80,90,80,130,110,110,3,1,0.5,0.5,0.5,0.5,2,0.5,1,0,1,0.5,2,1,2,2,2,1,2
382,Kyogre,3,Water,,Drizzle,,,670,100,100,90,150,140,90,3,1,0.5,0.5,2,2,0.5,1,1,1,1,1,1,1,1,1,1,0.5,1
383,Groudon,3,Ground,,Drought,,,670,100,150,140,100,90,90,3,1,1,2,0,2,2,1,0.5,1,1,1,1,0.5,1,1,1,1,1
384,Rayquaza,3,Dragon,Flying,Air Lock,,,680,105,150,90,150,90,95,45,1,0.5,0.5,1,0.25,4,0.5,1,0,1,1,0.5,2,1,2,1,1,2
385,Jirachi,3,Steel,Psychic,Serene Grace,,,600,100,100,100,100,100,100,3,0.5,2,1,1,0.5,0.5,1,0,2,0.5,0.25,1,0.5,2,0.5,2,0.5,0.5
386,Deoxys Normal Forme,3,Psychic,,Pressure,,,600,50,150,50,150,50,150,3,1,1,1,1,1,1,0.5,1,1,1,0.5,2,1,2,1,2,1,1
386,Deoxys Attack Forme,3,Psychic,,Pressure,,,600,50,180,20,180,20,150,3,1,1,1,1,1,1,0.5,1,1,1,0.5,2,1,2,1,2,1,1
386,Deoxys Defense Forme,3,Psychic,,Pressure,,,600,50,70,160,70,160,90,3,1,1,1,1,1,1,0.5,1,1,1,0.5,2,1,2,1,2,1,1
386,Deoxys Speed Forme,3,Psychic,,Pressure,,,600,50,95,90,95,90,180,3,1,1,1,1,1,1,0.5,1,1,1,0.5,2,1,2,1,2,1,1
